<?xml version="1.0" encoding="UTF-8"?>
<rss version="2.0" xmlns:atom="http://www.w3.org/2005/Atom">
  <channel>
    <title>ReSpeaker</title>
    <description>ReSpeaker is an open modular voice interface to hack things around you. Let you interact with your home appliances, your plant, your office, your internet-equipped devices or any other things in your daily life, all by your voice.</description>
    <link>https://respeaker.github.io/</link>
    <atom:link href="https://respeaker.github.io/feed.xml" rel="self" type="application/rss+xml" />
    <pubDate>Wed, 17 Aug 2016 14:53:05 +0800</pubDate>
    <lastBuildDate>Wed, 17 Aug 2016 14:53:05 +0800</lastBuildDate>
    <generator>Jekyll v3.2.1</generator>
    
      <item>
        <title>Smart Decorative Cloud</title>
        <description>
</description>
        <pubDate>Mon, 18 Jul 2016 00:00:00 +0800</pubDate>
        <link>https://respeaker.github.io/2016/07/18/project-1/</link>
        <guid isPermaLink="true">https://respeaker.github.io/2016/07/18/project-1/</guid>
        
        
      </item>
    
      <item>
        <title>Voice Interactive Office</title>
        <description>
</description>
        <pubDate>Sun, 17 Jul 2016 00:00:00 +0800</pubDate>
        <link>https://respeaker.github.io/2016/07/17/project-2/</link>
        <guid isPermaLink="true">https://respeaker.github.io/2016/07/17/project-2/</guid>
        
        
      </item>
    
      <item>
        <title>Talking Flowers</title>
        <description>
</description>
        <pubDate>Sat, 16 Jul 2016 00:00:00 +0800</pubDate>
        <link>https://respeaker.github.io/2016/07/16/project-3/</link>
        <guid isPermaLink="true">https://respeaker.github.io/2016/07/16/project-3/</guid>
        
        
      </item>
    
      <item>
        <title>Smart Photo Album</title>
        <description>
</description>
        <pubDate>Fri, 15 Jul 2016 00:00:00 +0800</pubDate>
        <link>https://respeaker.github.io/2016/07/15/project-4/</link>
        <guid isPermaLink="true">https://respeaker.github.io/2016/07/15/project-4/</guid>
        
        
      </item>
    
      <item>
        <title>DIY Voice Controlled WiFi Speaker</title>
        <description>
</description>
        <pubDate>Thu, 14 Jul 2016 00:00:00 +0800</pubDate>
        <link>https://respeaker.github.io/2016/07/14/project-5/</link>
        <guid isPermaLink="true">https://respeaker.github.io/2016/07/14/project-5/</guid>
        
        
      </item>
    
      <item>
        <title>Voice Robot - Hacking PAPIRO</title>
        <description>
</description>
        <pubDate>Wed, 13 Jul 2016 00:00:00 +0800</pubDate>
        <link>https://respeaker.github.io/2016/07/13/project-6/</link>
        <guid isPermaLink="true">https://respeaker.github.io/2016/07/13/project-6/</guid>
        
        
      </item>
    
  </channel>
</rss>
